/*Dummy data inserted on 15-05-2013*/


INSERT INTO `category` (`id`, `name`, `created_on`, `updated_on`, `created_by`, `updated_by`, `status`) VALUES
(3, 'SVN', '2013-05-14 12:15:26', '2013-05-14 07:19:28', 5, NULL, '1'),
(4, 'OOPS', '2013-05-13 12:15:26', '2013-05-14 07:19:28', 4, NULL, '1');





INSERT INTO `question` (`id`, `question`, `ques_type_id`, `category_id`, `created_by`, `created_on`, `updated_on`, `updated_by`, `status`) VALUES
(2, 'what is php?', 5, 1, 1, '2013-05-14 23:12:52', '2013-05-14 07:19:28', NULL, '0'),
(3, 'select correct databases?', 7, 2, 2, '2013-05-14 23:12:52', '2013-05-14 07:19:28', NULL, '0'),
(4, 'what is oops?', 5, 4, 4, '2013-05-14 23:12:52', '2013-05-14 07:19:28', NULL, '0'),
(5, 'do you like svn?', 6, 3, 3, '2013-05-14 23:12:55', '2013-05-14 07:19:28', NULL, '1'),
(6, 'who is father of php?', 5, 1, 3, '2013-05-14 23:12:55', '2013-05-14 07:19:28', NULL, '2'),
(7, 'how to destroy session in php?', 5, 1, 4, '2013-05-14 23:12:55', '2013-05-14 07:19:28', NULL, '0'),
(8, 'how to destroy cookies in php?', 5, 1, 4, '2013-05-14 23:12:55', '2013-05-14 07:19:28', NULL, '0'),
(9, 'how to create append rows using jquery?', 7, 1, 4, '0000-00-00 00:00:00', '2013-05-14 07:19:28', NULL, '0'),
(10, 'how to create useer in mysql?', 5, 2, 1, '2013-05-14 23:12:55', '2013-05-14 07:19:28', NULL, '1'),
(11, 'how to create table in mysql?', 7, 2, 1, '2013-05-14 23:14:55', '2013-05-14 07:19:28', NULL, '1'),
(12, 'how to delete user in mysql?', 7, 2, 1, '2013-05-14 23:14:55', '2013-05-14 07:19:28', NULL, '0'),
(13, 'can a user have multiple priviledges in mysql?', 6, 2, 2, '0000-00-00 00:00:00', '2013-05-14 07:19:28', NULL, '0'),
(14, 'how to update working directory in svn?', 7, 3, 3, '0000-00-00 00:00:00', '2013-05-14 07:19:28', NULL, '0'),
(15, 'how to revert changes in svn?', 5, 3, 3, '2013-05-14 23:15:55', '2013-05-14 07:19:28', NULL, '0'),
(16, 'how to create object of a class?', 5, 4, 5, '2013-05-14 12:15:55', '2013-05-14 07:19:28', NULL, '0');




INSERT INTO `question_options` (`id`, `ques_id`, `option`, `correct`, `created_on`, `updated_on`, `created_by`, `updated_by`, `status`) VALUES
(3, 2, 'programming language', '0', '2013-05-14 12:20:22', '2013-05-14 07:19:28', 1, NULL, '0'),
(4, 2, 'scripting language', '1', '2013-05-14 12:20:22', '2013-05-14 07:19:28', 1, NULL, '0'),
(5, 2, 'query language', '0', '2013-05-14 12:20:22', '2013-05-14 07:19:28', 1, NULL, '0'),
(6, 3, 'mysql', '1', '2013-05-14 12:20:22', '2013-05-14 07:19:28', 1, NULL, '0'),
(7, 3, 'oracle', '1', '2013-05-14 12:20:22', '2013-05-14 07:19:28', 1, NULL, '0'),
(8, 3, 'compact', '0', '2013-05-14 12:20:22', '2013-05-14 07:19:28', 1, NULL, '0'),
(9, 3, 'intel', '0', '2013-05-14 12:20:22', '2013-05-14 07:19:28', 1, NULL, '0'),
(10, 4, 'object ordered programming', '0', '2013-05-14 12:22:22', '2013-05-14 07:19:28', 2, NULL, '0'),
(11, 4, 'object oriented programming', '1', '2013-05-14 12:22:22', '2013-05-14 07:19:28', 2, NULL, ''),
(12, 4, 'object oriented procedures', '0', '2013-05-14 12:22:22', '2013-05-14 07:19:28', 2, NULL, '0'),
(13, 6, 'rasmus lerdorf', '1', '2013-05-14 12:22:22', '2013-05-14 07:19:28', 3, NULL, '0'),
(14, 6, 'steve jobs', '0', '2013-05-14 12:22:22', '2013-05-14 07:19:28', 3, NULL, '0'),
(15, 6, 'tim berners lee', '0', '2013-05-14 12:22:22', '2013-05-14 07:19:28', 3, NULL, '0'),
(16, 6, 'dennis ritchie', '0', '2013-05-14 12:22:22', '2013-05-14 07:19:28', 3, NULL, '0'),
(17, 7, 'session_demolish', '0', '2013-05-14 12:22:22', '2013-05-14 07:19:28', 3, NULL, '0'),
(18, 7, 'session_destroy', '1', '2013-05-14 12:22:22', '2013-05-14 07:19:28', 3, NULL, '0'),
(19, 7, 'session_smash', '0', '2013-05-14 12:22:22', '2013-05-14 07:19:28', 3, NULL, '0'),
(20, 9, '.append', '1', '2013-05-14 12:22:22', '2013-05-14 07:19:28', 4, NULL, '0'),
(21, 9, '.add', '0', '2013-05-14 12:22:22', '2013-05-14 07:19:29', 4, NULL, '0'),
(22, 9, '.join', '0', '2013-05-14 12:22:22', '2013-05-14 07:19:29', 4, NULL, '0'),
(23, 10, 'create user username', '1', '2013-05-14 12:22:22', '2013-05-14 07:19:29', 4, NULL, '0'),
(24, 10, 'create username user', '0', '2013-05-14 12:22:22', '2013-05-14 07:19:29', 4, NULL, '0'),
(25, 10, 'add username user', '0', '2013-05-14 12:22:22', '2013-05-14 07:19:29', 4, NULL, '0'),
(26, 10, 'grant user username', '0', '2013-05-14 12:22:22', '2013-05-14 07:19:29', 4, NULL, '0'),
(27, 11, 'create tablename table', '0', '2013-05-14 12:22:22', '2013-05-14 07:19:29', 5, NULL, '1'),
(28, 11, 'create table tablename', '1', '2013-05-14 12:22:22', '2013-05-14 07:19:29', 5, NULL, '1'),
(29, 11, 'make table tablename', '0', '2013-05-14 12:22:22', '2013-05-14 07:19:29', 5, NULL, '1'),
(30, 14, 'svn up', '1', '2013-05-14 12:22:22', '2013-05-14 07:19:29', 1, NULL, '0'),
(31, 14, 'svn add', '0', '2013-05-14 12:22:22', '2013-05-14 07:19:29', 1, NULL, '0'),
(32, 14, 'svn co', '0', '2013-05-14 12:22:22', '2013-05-14 07:19:29', 1, NULL, '0'),
(33, 14, 'svn update', '1', '2013-05-14 12:22:22', '2013-05-14 07:19:29', 1, NULL, '0'),
(34, 15, 'svn undo', '0', '2013-05-14 12:22:22', '2013-05-14 07:19:29', 3, NULL, '0'),
(35, 15, 'svn rollback', '0', '2013-05-14 12:22:22', '2013-05-14 07:19:29', 3, NULL, '0'),
(36, 15, 'svn revert', '1', '2013-05-14 12:22:22', '2013-05-14 07:19:29', 3, NULL, '0'),
(37, 15, 'svn follow', '0', '2013-05-14 12:22:22', '2013-05-14 07:19:29', 3, NULL, '0'),
(38, 13, 'yes', '1', '2013-05-15 12:22:22', '2013-05-14 07:23:01', 5, NULL, '0'),
(39, 13, 'no', '0', '2013-05-15 12:22:22', '2013-05-14 07:23:10', 5, NULL, '0'),
(40, 5, 'yes', '1', '2013-05-14 12:20:22', '2013-05-14 07:38:21', 1, NULL, '0'),
(41, 5, 'no', '0', '2013-05-14 12:20:22', '2013-05-14 07:38:30', 1, NULL, '0'),
(42, 8, 'deletecookie', '0', '2013-05-15 12:20:22', '2013-05-14 07:40:46', 1, NULL, '0'),
(43, 8, 'removecookie', '0', '2013-05-15 12:20:22', '2013-05-14 07:40:52', 1, NULL, '0'),
(44, 8, 'setcookie', '1', '2013-05-15 12:20:22', '2013-05-14 07:41:01', 1, NULL, '0'),
(45, 12, 'drop user username', '1', '2013-05-15 12:20:22', '2013-05-14 07:41:59', 2, NULL, '0'),
(46, 12, 'delete user username', '0', '2013-05-15 12:20:22', '2013-05-14 07:42:12', 2, NULL, '0'),
(47, 12, 'remove user username', '0', '2013-05-15 12:20:22', '2013-05-14 07:42:21', 2, NULL, '0'),
(48, 16, 'classname objectname', '1', '2013-05-15 12:20:22', '2013-05-14 07:42:50', 2, NULL, '0'),
(49, 16, 'new objectname', '0', '2013-05-15 12:20:22', '2013-05-14 07:43:02', 2, NULL, '0'),
(50, 16, 'objectname classname ', '0', '2013-05-15 12:20:22', '2013-05-14 07:43:24', 2, NULL, '0');




update test set name = 'test1' where id = 1;
update test set total_ques = 15 where id = 1;
INSERT INTO `test` (`id`, `name`, `total_ques`, `created_on`, `updated_on`, `created_by`, `updated_by`, `status`) VALUES
(2, 'test2', 8, '2013-05-13 12:45:27', '2013-05-14 07:35:27', 1, NULL, '0'),
(3, 'test3', 8, '2013-05-13 12:55:27', '2013-05-14 07:35:35', 1, NULL, '0');



truncate table test_category;
INSERT INTO `test_category` (`id`, `test_id`, `cat_id`, `no_of_ques`, `created_on`, `updated_on`, `created_by`, `updated_by`) VALUES
(1, 1, 1, 6, '2013-05-14 07:18:21', '0000-00-00 00:00:00', 2, NULL),
(2, 1, 2, 4, '2013-05-14 07:18:21', '0000-00-00 00:00:00', 2, NULL);



update test_link set link = 'testlink1' where id = 1;
INSERT INTO `test_link` (`id`, `test_id`, `start_time`, `end_time`, `link`, `random`, `per_page_ques`, `feedback`, `score`, `email_results`, `collect_firstname`, `collect_lastname`, `collect_email_enroll`, `test_avail_opt1`, `test_avail_opt2`, `display_result_id`, `certificate`, `no_of_attempts`, `certificate_id`, `time_limit`, `select_answer`, `pass_marks`, `created_on`, `updated_on`, `created_by`, `updated_by`, `status`) VALUES
(2, 2, '2013-05-08 20:20:02', '2013-05-08 22:08:10', 'testlink2', '1', 8, '0', '1', '0', '1', '1', '1', '0', '0', '1', '1', 2, 1, 60, '1', 50, '2013-05-14 07:18:22', '2013-05-14 07:47:32', 2, NULL, '0'),
(3, 3, '2013-05-14 12:00:00', '2013-05-14 12:30:00', 'testlink3', '0', 8, '0', '0', '0', '0', '0', '0', '0', '0', '0', '0', 1, 1, 30, '0', 70, '2013-05-14 10:00:00', '2013-05-14 07:47:45', 1, NULL, '0');






INSERT INTO `test_question` (`id`, `test_id`, `question_id`, `status`) VALUES
(2, 1, 2, '0'),
(3, 1, 3, '0'),
(4, 1, 4, '0'),
(5, 1, 5, '0'),
(6, 1, 6, '0'),
(7, 1, 7, '0'),
(8, 1, 8, '0'),
(9, 1, 9, '0'),
(10, 1, 10, '0'),
(11, 1, 11, '0'),
(12, 1, 12, '0'),
(13, 1, 13, '0'),
(14, 1, 14, '0'),
(15, 1, 15, '0'),
(16, 2, 1, '0'),
(17, 2, 2, '0'),
(18, 2, 3, '0'),
(19, 2, 4, '0'),
(20, 2, 5, '0'),
(21, 2, 6, '0'),
(22, 2, 7, '0'),
(23, 2, 8, '0'),
(24, 3, 9, '0'),
(25, 3, 10, '0'),
(26, 3, 11, '0'),
(27, 3, 12, '0'),
(28, 3, 13, '0'),
(29, 3, 14, '0'),
(30, 3, 15, '0'),
(31, 3, 16, '0');












